epoch,step,train_acc,train_loss
0,49,0.359375,1.717948079109192
